Anastomus oscitans_Asian Openbill
Ardea oscitans_Asian Openbill

Nycticorax nycticorax_Black-crowned Night-Heron
Ardea nycticorax_Black-crowned Night-Heron

Pelecanus philippensis_Spot-billed Pelican
Pelecanus philippinensis_Spot-billed Pelican

Mycteria leucocephala_Painted Stork

Threskiornis melanocephalus_Black-headed Ibis
Ibis melanocephalus_Black-headed Ibis
Threskiornis melanocephalus melanocephalus_Black-headed Ibis

Plegadis falcinellus_Glossy Ibis
Falcinellus falcinellus_Glossy Ibis

Ardea alba_Great White Egret
Egretta alba_Great White Egret
Casmerodius albus_Great White Egret

Ardea intermedia_Medium Egret
Mesophoyx intermedia_Medium Egret
Egretta intermedia_Medium Egret

Egretta garzetta_Little Egret

Bubulcus ibis_Cattle Egret
Bubulcus ibis coromandus_Eastern Cattle Egret
Ardea coromanda_Cattle Egret
Ardea ibis_Cattle Egret
Ardeola ibis_Cattle Egret

Leptoptilos javanicus_Lesser Adjutant
Leptoptilos javanicus javanicus_Lesser Adjutant

Leptoptilos dubius_Greater Adjutant
Leptoptilos dubius dubius_Greater Adjutant

Pseudibis davisoni_White-shouldered Ibis
Pseudibis papillosa davisoni_White-shouldered Ibis

Microcarbo niger_Little Cormorant
Phalacrocorax niger_Little Cormorant

Phalacrocorax fuscicollis_Indian Cormorant
Phalacrocorax fuscicollis fuscicollis_Indian Cormorant

Phalacrocorax carbo_Great Cormorant
Phalacrocorax carbo sinensis_Great Cormorant

Anhinga melanogaster_Oriental Darter
Plotus melanogaster_Oriental Darter
Anhinga melanogaster melanogaster_Oriental Darter

Ardea cinerea_Grey Heron
Ardea cinerea cinerea_Grey Heron

Ardea purpurea_Purple Heron
Ardea purpurea purpurea_Purple Heron

Ardeola bacchus_Chinese Pond Heron
Ardeola bacchus bacchus_Chinese Pond Heron

Ardeola speciosa_Javan Pond Heron
Ardeola speciosa speciosa_Javan Pond Heron

Botaurus sinensis_Yellow Bittern
Botaurus sinensis sinensis_Yellow Bittern

Botaurus cinnamomeus_Cinnamon Bittern
Botaurus cinnamomeus cinnamomeus_Cinnamon Bittern

Botaurus flavicollis_Black Bittern
Botaurus flavicollis flavicollis_Black Bittern

Butorides striata_Striated Heron
Butorides striata striata_Striated Heron
Nycticorax striatus_Striated Heron

Geopelia striata_Zebra Dove
Geopelia striata striata_Zebra Dove
Columba striata_Zebra Dove

Spilopelia chinensis_Spotted Dove
Streptopelia chinensis_Spotted Dove
Streptopelia chinensis chinensis_Spotted Dove

Streptopelia tranquebarica_Red Collared Dove
Streptopelia tranquebarica tranquebarica_Red Collared Dove

Eudynamys scolopaceus_Asian Koel

Cacomantis merulinus_Plaintive Cuckoo
Cuculus merulinus_Plaintive Cuckoo

Centropus sinensis_Greater Coucal
Centropus sinensis sinensis_Greater Coucal

Centropus bengalensis_Lesser Coucal
Centropus bengalensis bengalensis_Lesser Coucal

Cypsiurus balasiensis_Asian Palm Swift
Apus balasiensis_Asian Palm Swift

Amaurornis phoenicurus_White-breasted Waterhen
Amaurornis phoenicurus phoenicurus_White-breasted Waterhen

Himantopus himantopus_Black-winged Stilt
Himantopus himantopus himantopus_Black-winged Stilt

Vanellus indicus_Red-wattled Lapwing
Vanellus indicus indicus_Red-wattled Lapwing

Glareola maldivarum_Oriental Pratincole
Glareola maldivarum maldivarum_Oriental Pratincole

Chlidonias hybrida_Whiskered Tern
Chlidonias hybrida hybrida_Whiskered Tern

Tyto javanica_Eastern Barn Owl
Tyto javanica javanica_Eastern Barn Owl
Tyto alba javanica_Eastern Barn Owl

Merops orientalis_Asian Green Bee-eater
Merops orientalis orientalis_Asian Green Bee-eater

Merops philippinus_Blue-tailed Bee-eater
Merops philippinus philippinus_Blue-tailed Bee-eater

Alcedo atthis_Common Kingfisher
Alcedo atthis atthis_Common Kingfisher

Halcyon smyrnensis_White-throated Kingfisher
Halcyon smyrnensis smyrnensis_White-throated Kingfisher

Halcyon pileata_Black-capped Kingfisher
Halcyon pileata pileata_Black-capped Kingfisher

Ceryle rudis_Pied Kingfisher
Ceryle rudis rudis_Pied Kingfisher

Psilopogon haemacephalus_Coppersmith Barbet
Megalaima haemacephala_Coppersmith Barbet
Psilopogon haemacephalus haemacephalus_Coppersmith Barbet

Dendrocopos analis_Freckle-breasted Woodpecker
Dendrocopos analis analis_Freckle-breasted Woodpecker

Oriolus chinensis_Black-naped Oriole
Oriolus chinensis chinensis_Black-naped Oriole

Aegithina tiphia_Common Iora
Aegithina tiphia tiphia_Common Iora

Rhipidura javanica_Malaysian Pied-fantail
Rhipidura javanica javanica_Malaysian Pied-fantail

Dicrurus macrocercus_Black Drongo
Dicrurus macrocercus macrocercus_Black Drongo

Lanius cristatus_Brown Shrike
Lanius cristatus cristatus_Brown Shrike

Crypsirina temia_Racket-tailed Treepie
Crypsirina temia temia_Racket-tailed Treepie

Corvus macrorhynchos_Large-billed Crow
Corvus macrorhynchos macrorhynchos_Large-billed Crow

Orthotomus sutorius_Common Tailorbird
Orthotomus sutorius sutorius_Common Tailorbird

Orthotomus atrogularis_Dark-necked Tailorbird
Orthotomus atrogularis atrogularis_Dark-necked Tailorbird

Prinia flaviventris_Yellow-bellied Prinia
Prinia flaviventris flaviventris_Yellow-bellied Prinia

Prinia inornata_Plain Prinia
Prinia inornata inornata_Plain Prinia

Acrocephalus orientalis_Oriental Reed Warbler
Acrocephalus orientalis orientalis_Oriental Reed Warbler

Helopsaltes certhiola_Pallas’s Grasshopper Warbler
Locustella certhiola_Pallas’s Grasshopper Warbler
Helopsaltes certhiola certhiola_Pallas’s Grasshopper Warbler

Hirundo rustica_Barn Swallow
Hirundo rustica rustica_Barn Swallow

Pycnonotus conradi_Streak-eared Bulbul
Pycnonotus conradi conradi_Streak-eared Bulbul

Pycnonotus goiavier_Yellow-vented Bulbul
Pycnonotus goiavier goiavier_Yellow-vented Bulbul

Phylloscopus inornatus_Yellow-browed Warbler
Phylloscopus inornatus inornatus_Yellow-browed Warbler

Timalia pileata_Chestnut-capped Babbler
Timalia pileata pileata_Chestnut-capped Babbler

Mixornis gularis_Pin-striped Tit-babbler
Mixornis gularis gularis_Pin-striped Tit-babbler

Gracupica nigricollis_Black-collared Starling
Gracupica nigricollis nigricollis_Black-collared Starling

Sturnia malabarica_Chestnut-tailed Starling
Sturnia malabarica malabarica_Chestnut-tailed Starling

Acridotheres tristis_Common Myna
Acridotheres tristis tristis_Common Myna

Acridotheres grandis_Great Myna
Acridotheres grandis grandis_Great Myna

Copsychus saularis_Oriental Magpie Robin
Copsychus saularis saularis_Oriental Magpie Robin

Ficedula albicilla_Taiga Flycatcher
Ficedula albicilla albicilla_Taiga Flycatcher

Saxicola caprata_Pied Bushchat
Saxicola caprata caprata_Pied Bushchat

Dicaeum cruentatum_Scarlet-backed Flowerpecker
Dicaeum cruentatum cruentatum_Scarlet-backed Flowerpecker

Anthreptes malacensis_Brown-throated Sunbird
Anthreptes malacensis malacensis_Brown-throated Sunbird

Cinnyris asiaticus_Purple Sunbird
Cinnyris asiaticus asiaticus_Purple Sunbird

Cinnyris ornatus_Ornate Sunbird
Cinnyris ornatus ornatus_Ornate Sunbird

Ploceus philippinus_Baya Weaver
Ploceus philippinus philippinus_Baya Weaver

Lonchura punctulata_Scaly-breasted Munia
Lonchura punctulata punctulata_Scaly-breasted Munia

Passer domesticus_House Sparrow
Passer domesticus domesticus_House Sparrow

Passer montanus_Eurasian Tree Sparrow
Passer montanus montanus_Eurasian Tree Sparrow
